New York City Department of Education,,,,,,,,,,,,,,,
NYC Results on the New York State 2013 Math Test (Grades 3-8),,,,,,,,,,,,,,,
Charter School Summary,,,,,,,,,,,,,,,
Results for All Students,,,,,,,,,,,,,,,
 ,,,,,,,,,,,,,,,
,,,,,,Level 1,,Level 2,,Level 3,,Level 4,,Level 3+4,
DBN,Grade,Year,Category,Number Tested,Mean Scale Score,#,%,#,%,#,%,#,%,#,%
84K333,3,2013,All Students,57,307,7,12.3,28,49.1,17,29.8,5,8.8,22,38.6
84K333,All Grades,2013,All Students,57,307,7,12.3,28,49.1,17,29.8,5,8.8,22,38.6
84K355,5,2013,All Students,81,315,17,21.0,25,30.9,32,39.5,7,8.6,39,48.1
84K355,6,2013,All Students,80,328,2,2.5,24,30.0,32,40.0,22,27.5,54,67.5
84K355,7,2013,All Students,81,331,1,1.2,24,29.6,40,49.4,16,19.8,56,69.1
84K355,8,2013,All Students,68,337,0,0.0,12,17.6,39,57.4,17,25.0,56,82.4
84K355,All Grades,2013,All Students,310,327,20,6.5,85,27.4,143,46.1,62,20.0,205,66.1
84K356,3,2013,All Students,83,312,9,10.8,38,45.8,29,34.9,7,8.4,36,43.4
84K356,4,2013,All Students,70,314,5,7.1,35,50.0,21,30.0,9,12.9,30,42.9
84K356,5,2013,All Students,79,308,24,30.4,28,35.4,19,24.1,8,10.1,27,34.2
84K356,6,2013,All Students,92,307,20,21.7,37,40.2,20,21.7,15,16.3,35,38.0
84K356,7,2013,All Students,76,313,17,22.4,31,40.8,20,26.3,8,10.5,28,36.8
84K356,8,2013,All Students,69,328,5,7.2,22,31.9,30,43.5,12,17.4,42,60.9
84K356,All Grades,2013,All Students,469,313,80,17.1,191,40.7,139,29.6,59,12.6,198,42.2
84K357,5,2013,All Students,90,275,63,70.0,26,28.9,1,1.1,0,0.0,1,1.1
84K357,6,2013,All Students,86,303,13,15.1,55,64.0,17,19.8,1,1.2,18,20.9
84K357,7,2013,All Students,88,291,38,43.2,42,47.7,6,6.8,2,2.3,8,9.1
84K357,8,2013,All Students,55,314,4,7.3,30,54.5,17,30.9,4,7.3,21,38.2
84K357,All Grades,2013,All Students,319,294,118,37.0,153,48.0,41,12.9,7,2.2,48,15.0
84K358,3,2013,All Students,76,310,9,11.8,33,43.4,23,30.3,11,14.5,34,44.7
84K358,4,2013,All Students,82,308,12,14.6,36,43.9,25,30.5,9,11.0,34,41.5
84K358,5,2013,All Students,75,300,23,30.7,35,46.7,17,22.7,0,0.0,17,22.7
84K358,6,2013,All Students,79,333,2,2.5,22,27.8,20,25.3,35,44.3,55,69.6
84K358,7,2013,All Students,72,318,6,8.3,34,47.2,27,37.5,5,6.9,32,44.4
84K358,8,2013,All Students,65,329,2,3.1,20,30.8,29,44.6,14,21.5,43,66.2
84K358,All Grades,2013,All Students,449,316,54,12.0,180,40.1,141,31.4,74,16.5,215,47.9
84K359,3,2013,All Students,47,295,18,38.3,17,36.2,8,17.0,4,8.5,12,25.5
84K359,4,2013,All Students,92,289,38,41.3,36,39.1,14,15.2,4,4.3,18,19.6
84K359,5,2013,All Students,74,301,28,37.8,29,39.2,10,13.5,7,9.5,17,23.0
84K359,6,2013,All Students,93,286,40,43.0,40,43.0,11,11.8,2,2.2,13,14.0
84K359,7,2013,All Students,125,276,91,72.8,31,24.8,2,1.6,1,0.8,3,2.4
84K359,8,2013,All Students,102,280,62,60.8,36,35.3,4,3.9,0,0.0,4,3.9
84K359,All Grades,2013,All Students,533,286,277,52.0,189,35.5,49,9.2,18,3.4,67,12.6
84K360,6,2013,All Students,105,276,58,55.2,42,40.0,4,3.8,1,1.0,5,4.8
84K360,All Grades,2013,All Students,105,276,58,55.2,42,40.0,4,3.8,1,1.0,5,4.8
84K362,3,2013,All Students,51,313,11,21.6,19,37.3,12,23.5,9,17.6,21,41.2
84K362,4,2013,All Students,46,330,1,2.2,9,19.6,24,52.2,12,26.1,36,78.3
84K362,5,2013,All Students,52,323,7,13.5,17,32.7,16,30.8,12,23.1,28,53.8
84K362,6,2013,All Students,50,302,13,26.0,24,48.0,9,18.0,4,8.0,13,26.0
84K362,7,2013,All Students,49,302,19,38.8,21,42.9,7,14.3,2,4.1,9,18.4
84K362,8,2013,All Students,25,322,3,12.0,9,36.0,8,32.0,5,20.0,13,52.0
84K362,All Grades,2013,All Students,273,315,54,19.8,99,36.3,76,27.8,44,16.1,120,44.0
84K379,3,2013,All Students,59,301,15,25.4,23,39.0,18,30.5,3,5.1,21,35.6
84K379,4,2013,All Students,61,307,12,19.7,19,31.1,22,36.1,8,13.1,30,49.2
84K379,All Grades,2013,All Students,120,304,27,22.5,42,35.0,40,33.3,11,9.2,51,42.5
84K386,5,2013,All Students,86,292,43,50.0,33,38.4,7,8.1,3,3.5,10,11.6
84K386,6,2013,All Students,85,303,16,18.8,48,56.5,14,16.5,7,8.2,21,24.7
84K386,All Grades,2013,All Students,171,297,59,34.5,81,47.4,21,12.3,10,5.8,31,18.1
84K508,5,2013,All Students,91,302,18,19.8,55,60.4,17,18.7,1,1.1,18,19.8
84K508,6,2013,All Students,86,314,7,8.1,38,44.2,31,36.0,10,11.6,41,47.7
84K508,7,2013,All Students,80,312,10,12.5,48,60.0,20,25.0,2,2.5,22,27.5
84K508,8,2013,All Students,71,334,0,0.0,14,19.7,46,64.8,11,15.5,57,80.3
84K508,All Grades,2013,All Students,328,315,35,10.7,155,47.3,114,34.8,24,7.3,138,42.1
84K517,3,2013,All Students,79,326,7,8.9,22,27.8,28,35.4,22,27.8,50,63.3
84K517,4,2013,All Students,77,308,12,15.6,33,42.9,21,27.3,11,14.3,32,41.6
84K517,5,2013,All Students,50,308,13,26.0,23,46.0,11,22.0,3,6.0,14,28.0
84K517,6,2013,All Students,34,327,0,0.0,12,35.3,14,41.2,8,23.5,22,64.7
84K517,7,2013,All Students,25,325,1,4.0,10,40.0,11,44.0,3,12.0,14,56.0
84K517,All Grades,2013,All Students,265,317,33,12.5,100,37.7,85,32.1,47,17.7,132,49.8
84K536,3,2013,All Students,51,312,7,13.7,20,39.2,13,25.5,11,21.6,24,47.1
84K536,4,2013,All Students,50,324,6,12.0,9,18.0,17,34.0,18,36.0,35,70.0
84K536,5,2013,All Students,50,306,20,40.0,9,18.0,16,32.0,5,10.0,21,42.0
84K536,6,2013,All Students,52,300,15,28.8,22,42.3,8,15.4,7,13.5,15,28.8
84K536,All Grades,2013,All Students,203,310,48,23.6,60,29.6,54,26.6,41,20.2,95,46.8
84K538,3,2013,All Students,86,319,7,8.1,29,33.7,33,38.4,17,19.8,50,58.1
84K538,4,2013,All Students,78,319,2,2.6,31,39.7,26,33.3,19,24.4,45,57.7
84K538,5,2013,All Students,87,317,13,14.9,34,39.1,30,34.5,10,11.5,40,46.0
84K538,6,2013,All Students,92,319,7,7.6,36,39.1,30,32.6,19,20.7,49,53.3
84K538,7,2013,All Students,89,321,7,7.9,39,43.8,36,40.4,7,7.9,43,48.3
84K538,8,2013,All Students,76,337,2,2.6,13,17.1,36,47.4,25,32.9,61,80.3
84K538,All Grades,2013,All Students,508,322,38,7.5,182,35.8,191,37.6,97,19.1,288,56.7
84K593,3,2013,All Students,78,315,10,12.8,26,33.3,30,38.5,12,15.4,42,53.8
84K593,4,2013,All Students,67,311,7,10.4,28,41.8,25,37.3,7,10.4,32,47.8
84K593,5,2013,All Students,41,311,7,17.1,20,48.8,11,26.8,3,7.3,14,34.1
84K593,6,2013,All Students,33,319,0,0.0,20,60.6,5,15.2,8,24.2,13,39.4
84K593,7,2013,All Students,31,324,4,12.9,13,41.9,8,25.8,6,19.4,14,45.2
84K593,8,2013,All Students,23,326,1,4.3,9,39.1,10,43.5,3,13.0,13,56.5
84K593,All Grades,2013,All Students,273,316,29,10.6,116,42.5,89,32.6,39,14.3,128,46.9
84K608,5,2013,All Students,85,300,32,37.6,35,41.2,17,20.0,1,1.2,18,21.2
84K608,6,2013,All Students,66,318,2,3.0,29,43.9,25,37.9,10,15.2,35,53.0
84K608,7,2013,All Students,71,316,11,15.5,30,42.3,24,33.8,6,8.5,30,42.3
84K608,8,2013,All Students,65,317,5,7.7,37,56.9,16,24.6,7,10.8,23,35.4
84K608,All Grades,2013,All Students,287,312,50,17.4,131,45.6,82,28.6,24,8.4,106,36.9
84K626,3,2013,All Students,74,306,7,9.5,43,58.1,20,27.0,4,5.4,24,32.4
84K626,4,2013,All Students,76,307,12,15.8,27,35.5,28,36.8,9,11.8,37,48.7
84K626,5,2013,All Students,90,302,27,30.0,35,38.9,25,27.8,3,3.3,28,31.1
84K626,All Grades,2013,All Students,240,305,46,19.2,105,43.8,73,30.4,16,6.7,89,37.1
84K648,5,2013,All Students,80,309,15,18.8,35,43.8,25,31.3,5,6.3,30,37.5
84K648,6,2013,All Students,76,312,12,15.8,32,42.1,22,28.9,10,13.2,32,42.1
84K648,7,2013,All Students,61,317,4,6.6,32,52.5,21,34.4,4,6.6,25,41.0
84K648,8,2013,All Students,53,316,4,7.5,27,50.9,18,34.0,4,7.5,22,41.5
84K648,All Grades,2013,All Students,270,313,35,13.0,126,46.7,86,31.9,23,8.5,109,40.4
84K649,3,2013,All Students,65,293,22,33.8,29,44.6,14,21.5,0,0.0,14,21.5
84K649,4,2013,All Students,58,302,13,22.4,26,44.8,15,25.9,4,6.9,19,32.8
84K649,5,2013,All Students,28,294,13,46.4,13,46.4,2,7.1,0,0.0,2,7.1
84K649,All Grades,2013,All Students,151,296,48,31.8,68,45.0,31,20.5,4,2.6,35,23.2
84K651,3,2013,All Students,54,322,3,5.6,17,31.5,17,31.5,17,31.5,34,63.0
84K651,4,2013,All Students,49,316,3,6.1,18,36.7,21,42.9,7,14.3,28,57.1
84K651,5,2013,All Students,26,321,3,11.5,10,38.5,9,34.6,4,15.4,13,50.0
84K651,All Grades,2013,All Students,129,320,9,7.0,45,34.9,47,36.4,28,21.7,75,58.1
84K652,3,2013,All Students,114,296,32,28.1,56,49.1,25,21.9,1,0.9,26,22.8
84K652,4,2013,All Students,87,299,24,27.6,33,37.9,22,25.3,8,9.2,30,34.5
84K652,5,2013,All Students,87,301,33,37.9,34,39.1,16,18.4,4,4.6,20,23.0
84K652,6,2013,All Students,59,293,17,28.8,37,62.7,5,8.5,0,0.0,5,8.5
84K652,All Grades,2013,All Students,347,297,106,30.5,160,46.1,68,19.6,13,3.7,81,23.3
84K701,3,2013,All Students,35,310,5,14.3,14,40.0,12,34.3,4,11.4,16,45.7
84K701,4,2013,All Students,41,301,5,12.2,24,58.5,12,29.3,0,0.0,12,29.3
84K701,5,2013,All Students,34,317,4,11.8,13,38.2,13,38.2,4,11.8,17,50.0
84K701,All Grades,2013,All Students,110,309,14,12.7,51,46.4,37,33.6,8,7.3,45,40.9
84K702,3,2013,All Students,51,305,10,19.6,22,43.1,17,33.3,2,3.9,19,37.3
84K702,4,2013,All Students,52,302,11,21.2,20,38.5,18,34.6,3,5.8,21,40.4
84K702,5,2013,All Students,52,299,19,36.5,16,30.8,15,28.8,2,3.8,17,32.7
84K702,6,2013,All Students,49,296,16,32.7,23,46.9,6,12.2,4,8.2,10,20.4
84K702,7,2013,All Students,41,303,12,29.3,16,39.0,10,24.4,3,7.3,13,31.7
84K702,8,2013,All Students,26,284,15,57.7,9,34.6,2,7.7,0,0.0,2,7.7
84K702,All Grades,2013,All Students,271,299,83,30.6,106,39.1,68,25.1,14,5.2,82,30.3
84K703,3,2013,All Students,54,291,22,40.7,22,40.7,10,18.5,0,0.0,10,18.5
84K703,4,2013,All Students,42,286,18,42.9,15,35.7,7,16.7,2,4.8,9,21.4
84K703,5,2013,All Students,51,304,13,25.5,26,51.0,11,21.6,1,2.0,12,23.5
84K703,6,2013,All Students,49,283,22,44.9,24,49.0,3,6.1,0,0.0,3,6.1
84K703,7,2013,All Students,52,276,37,71.2,15,28.8,0,0.0,0,0.0,0,0.0
84K703,8,2013,All Students,46,299,15,32.6,21,45.7,9,19.6,1,2.2,10,21.7
84K703,All Grades,2013,All Students,294,290,127,43.2,123,41.8,40,13.6,4,1.4,44,15.0
84K704,3,2013,All Students,60,323,3,5.0,18,30.0,28,46.7,11,18.3,39,65.0
84K704,4,2013,All Students,60,318,4,6.7,19,31.7,29,48.3,8,13.3,37,61.7
84K704,5,2013,All Students,61,318,4,6.6,32,52.5,17,27.9,8,13.1,25,41.0
84K704,6,2013,All Students,60,306,7,11.7,38,63.3,11,18.3,4,6.7,15,25.0
84K704,7,2013,All Students,55,314,12,21.8,19,34.5,20,36.4,4,7.3,24,43.6
84K704,8,2013,All Students,40,305,10,25.0,22,55.0,5,12.5,3,7.5,8,20.0
84K704,All Grades,2013,All Students,336,314,40,11.9,148,44.0,110,32.7,38,11.3,148,44.0
84K707,6,2013,All Students,103,321,9,8.7,39,37.9,27,26.2,28,27.2,55,53.4
84K707,7,2013,All Students,103,308,30,29.1,39,37.9,21,20.4,13,12.6,34,33.0
84K707,8,2013,All Students,104,323,8,7.7,35,33.7,45,43.3,16,15.4,61,58.7
84K707,All Grades,2013,All Students,310,318,47,15.2,113,36.5,93,30.0,57,18.4,150,48.4
84K710,5,2013,All Students,87,308,20,23.0,33,37.9,27,31.0,7,8.0,34,39.1
84K710,6,2013,All Students,86,310,10,11.6,44,51.2,19,22.1,13,15.1,32,37.2
84K710,7,2013,All Students,66,317,8,12.1,36,54.5,17,25.8,5,7.6,22,33.3
84K710,8,2013,All Students,38,323,1,2.6,15,39.5,19,50.0,3,7.9,22,57.9
84K710,All Grades,2013,All Students,277,313,39,14.1,128,46.2,82,29.6,28,10.1,110,39.7
84K711,3,2013,All Students,57,302,16,28.1,23,40.4,13,22.8,5,8.8,18,31.6
84K711,4,2013,All Students,40,293,11,27.5,21,52.5,6,15.0,2,5.0,8,20.0
84K711,All Grades,2013,All Students,97,298,27,27.8,44,45.4,19,19.6,7,7.2,26,26.8
84K712,3,2013,All Students,77,325,2,2.6,25,32.5,28,36.4,22,28.6,50,64.9
84K712,4,2013,All Students,41,328,2,4.9,9,22.0,18,43.9,12,29.3,30,73.2
84K712,All Grades,2013,All Students,118,326,4,3.4,34,28.8,46,39.0,34,28.8,80,67.8
84K726,5,2013,All Students,95,262,84,88.4,10,10.5,1,1.1,0,0.0,1,1.1
84K726,6,2013,All Students,110,277,68,61.8,33,30.0,6,5.5,3,2.7,9,8.2
84K726,7,2013,All Students,46,298,18,39.1,21,45.7,6,13.0,1,2.2,7,15.2
84K726,8,2013,All Students,42,311,5,11.9,23,54.8,14,33.3,0,0.0,14,33.3
84K726,All Grades,2013,All Students,293,280,175,59.7,87,29.7,27,9.2,4,1.4,31,10.6
84K730,6,2013,All Students,41,292,16,39.0,17,41.5,6,14.6,2,4.9,8,19.5
84K730,7,2013,All Students,73,293,33,45.2,26,35.6,12,16.4,2,2.7,14,19.2
84K730,8,2013,All Students,72,300,23,31.9,36,50.0,10,13.9,3,4.2,13,18.1
84K730,All Grades,2013,All Students,186,295,72,38.7,79,42.5,28,15.1,7,3.8,35,18.8
84K731,3,2013,All Students,78,301,22,28.2,31,39.7,17,21.8,8,10.3,25,32.1
84K731,4,2013,All Students,80,290,29,36.3,36,45.0,12,15.0,3,3.8,15,18.8
84K731,5,2013,All Students,81,303,28,34.6,30,37.0,20,24.7,3,3.7,23,28.4
84K731,6,2013,All Students,78,296,25,32.1,39,50.0,8,10.3,6,7.7,14,17.9
84K731,7,2013,All Students,87,286,52,59.8,24,27.6,11,12.6,0,0.0,11,12.6
84K731,8,2013,All Students,87,292,33,37.9,47,54.0,7,8.0,0,0.0,7,8.0
84K731,All Grades,2013,All Students,491,294,189,38.5,207,42.2,75,15.3,20,4.1,95,19.3
84K734,3,2013,All Students,58,284,27,46.6,18,31.0,11,19.0,2,3.4,13,22.4
84K734,4,2013,All Students,45,276,25,55.6,17,37.8,3,6.7,0,0.0,3,6.7
84K734,All Grades,2013,All Students,103,280,52,50.5,35,34.0,14,13.6,2,1.9,16,15.5
84K737,3,2013,All Students,98,309,17,17.3,44,44.9,22,22.4,15,15.3,37,37.8
84K737,4,2013,All Students,85,309,9,10.6,41,48.2,27,31.8,8,9.4,35,41.2
84K737,All Grades,2013,All Students,183,309,26,14.2,85,46.4,49,26.8,23,12.6,72,39.3
84K740,3,2013,All Students,74,307,14,18.9,28,37.8,25,33.8,7,9.5,32,43.2
84K740,4,2013,All Students,77,291,29,37.7,35,45.5,9,11.7,4,5.2,13,16.9
84K740,5,2013,All Students,51,292,24,47.1,21,41.2,5,9.8,1,2.0,6,11.8
84K740,6,2013,All Students,26,293,8,30.8,12,46.2,6,23.1,0,0.0,6,23.1
84K740,7,2013,All Students,26,293,8,30.8,17,65.4,1,3.8,0,0.0,1,3.8
84K740,All Grades,2013,All Students,254,296,83,32.7,113,44.5,46,18.1,12,4.7,58,22.8
84K742,3,2013,All Students,59,293,23,39.0,21,35.6,14,23.7,1,1.7,15,25.4
84K742,4,2013,All Students,59,315,8,13.6,18,30.5,19,32.2,14,23.7,33,55.9
84K742,5,2013,All Students,60,303,24,40.0,19,31.7,14,23.3,3,5.0,17,28.3
84K742,All Grades,2013,All Students,178,304,55,30.9,58,32.6,47,26.4,18,10.1,65,36.5
84K744,5,2013,All Students,88,299,39,44.3,27,30.7,18,20.5,4,4.5,22,25.0
84K744,6,2013,All Students,86,306,20,23.3,32,37.2,26,30.2,8,9.3,34,39.5
84K744,7,2013,All Students,85,311,24,28.2,26,30.6,25,29.4,10,11.8,35,41.2
84K744,8,2013,All Students,82,322,5,6.1,33,40.2,31,37.8,13,15.9,44,53.7
84K744,All Grades,2013,All Students,341,309,88,25.8,118,34.6,100,29.3,35,10.3,135,39.6
84K746,3,2013,All Students,73,315,17,23.3,25,34.2,11,15.1,20,27.4,31,42.5
84K746,4,2013,All Students,72,296,21,29.2,30,41.7,19,26.4,2,2.8,21,29.2
84K746,All Grades,2013,All Students,145,306,38,26.2,55,37.9,30,20.7,22,15.2,52,35.9
84K769,3,2013,All Students,64,300,14,21.9,31,48.4,16,25.0,3,4.7,19,29.7
84K769,All Grades,2013,All Students,64,300,14,21.9,31,48.4,16,25.0,3,4.7,19,29.7
84K774,3,2013,All Students,64,308,8,12.5,33,51.6,18,28.1,5,7.8,23,35.9
84K774,All Grades,2013,All Students,64,308,8,12.5,33,51.6,18,28.1,5,7.8,23,35.9
84K775,3,2013,All Students,55,338,0,0.0,11,20.0,17,30.9,27,49.1,44,80.0
84K775,All Grades,2013,All Students,55,338,0,0.0,11,20.0,17,30.9,27,49.1,44,80.0
84K777,5,2013,All Students,82,306,20,24.4,38,46.3,21,25.6,3,3.7,24,29.3
84K777,6,2013,All Students,62,310,8,12.9,31,50.0,20,32.3,3,4.8,23,37.1
84K777,7,2013,All Students,56,333,2,3.6,19,33.9,18,32.1,17,30.4,35,62.5
84K777,All Grades,2013,All Students,200,315,30,15.0,88,44.0,59,29.5,23,11.5,82,41.0
84K780,5,2013,All Students,87,304,27,31.0,33,37.9,20,23.0,7,8.0,27,31.0
84K780,6,2013,All Students,65,316,6,9.2,28,43.1,22,33.8,9,13.8,31,47.7
84K780,7,2013,All Students,54,330,4,7.4,14,25.9,24,44.4,12,22.2,36,66.7
84K780,All Grades,2013,All Students,206,315,37,18.0,75,36.4,66,32.0,28,13.6,94,45.6
84K782,3,2013,All Students,48,307,7,14.6,23,47.9,14,29.2,4,8.3,18,37.5
84K782,4,2013,All Students,48,291,17,35.4,22,45.8,7,14.6,2,4.2,9,18.8
84K782,5,2013,All Students,43,299,15,34.9,18,41.9,9,20.9,1,2.3,10,23.3
84K782,All Grades,2013,All Students,139,299,39,28.1,63,45.3,30,21.6,7,5.0,37,26.6
84K785,3,2013,All Students,47,283,20,42.6,18,38.3,9,19.1,0,0.0,9,19.1
84K785,All Grades,2013,All Students,47,283,20,42.6,18,38.3,9,19.1,0,0.0,9,19.1
84K791,3,2013,All Students,77,317,9,11.7,25,32.5,23,29.9,20,26.0,43,55.8
84K791,4,2013,All Students,52,303,8,15.4,27,51.9,16,30.8,1,1.9,17,32.7
84K791,5,2013,All Students,51,293,27,52.9,20,39.2,2,3.9,2,3.9,4,7.8
84K791,All Grades,2013,All Students,180,306,44,24.4,72,40.0,41,22.8,23,12.8,64,35.6
84K792,3,2013,All Students,65,297,18,27.7,34,52.3,10,15.4,3,4.6,13,20.0
84K792,All Grades,2013,All Students,65,297,18,27.7,34,52.3,10,15.4,3,4.6,13,20.0
84K793,3,2013,All Students,90,305,12,13.3,51,56.7,21,23.3,6,6.7,27,30.0
84K793,All Grades,2013,All Students,90,305,12,13.3,51,56.7,21,23.3,6,6.7,27,30.0
84K796,3,2013,All Students,73,278,42,57.5,25,34.2,5,6.8,1,1.4,6,8.2
84K796,All Grades,2013,All Students,73,278,42,57.5,25,34.2,5,6.8,1,1.4,6,8.2
84K797,3,2013,All Students,51,288,17,33.3,27,52.9,7,13.7,0,0.0,7,13.7
84K797,4,2013,All Students,49,288,17,34.7,27,55.1,5,10.2,0,0.0,5,10.2
84K797,All Grades,2013,All Students,100,288,34,34.0,54,54.0,12,12.0,0,0.0,12,12.0
84M065,6,2013,All Students,108,306,20,18.5,53,49.1,22,20.4,13,12.0,35,32.4
84M065,All Grades,2013,All Students,108,306,20,18.5,53,49.1,22,20.4,13,12.0,35,32.4
84M068,5,2013,All Students,100,301,34,34.0,35,35.0,30,30.0,1,1.0,31,31.0
84M068,All Grades,2013,All Students,100,301,34,34.0,35,35.0,30,30.0,1,1.0,31,31.0
84M279,6,2013,All Students,56,275,35,62.5,15,26.8,5,8.9,1,1.8,6,10.7
84M279,7,2013,All Students,68,258,62,91.2,5,7.4,1,1.5,0,0.0,1,1.5
84M279,8,2013,All Students,61,270,44,72.1,15,24.6,1,1.6,1,1.6,2,3.3
84M279,All Grades,2013,All Students,185,267,141,76.2,35,18.9,7,3.8,2,1.1,9,4.9
84M284,3,2013,All Students,94,294,29,30.9,43,45.7,16,17.0,6,6.4,22,23.4
84M284,4,2013,All Students,88,290,33,37.5,40,45.5,12,13.6,3,3.4,15,17.0
84M284,5,2013,All Students,70,308,21,30.0,17,24.3,26,37.1,6,8.6,32,45.7
84M284,6,2013,All Students,82,310,12,14.6,38,46.3,22,26.8,10,12.2,32,39.0
84M284,7,2013,All Students,92,300,35,38.0,40,43.5,13,14.1,4,4.3,17,18.5
84M284,8,2013,All Students,68,307,15,22.1,32,47.1,17,25.0,4,5.9,21,30.9
84M284,All Grades,2013,All Students,494,301,145,29.4,210,42.5,106,21.5,33,6.7,139,28.1
84M320,3,2013,All Students,42,306,6,14.3,22,52.4,10,23.8,4,9.5,14,33.3
84M320,4,2013,All Students,37,307,10,27.0,14,37.8,8,21.6,5,13.5,13,35.1
84M320,5,2013,All Students,38,306,13,34.2,10,26.3,11,28.9,4,10.5,15,39.5
84M320,All Grades,2013,All Students,117,306,29,24.8,46,39.3,29,24.8,13,11.1,42,35.9
84M329,3,2013,All Students,51,288,23,45.1,23,45.1,5,9.8,0,0.0,5,9.8
84M329,4,2013,All Students,54,311,8,14.8,18,33.3,24,44.4,4,7.4,28,51.9
84M329,5,2013,All Students,40,303,12,30.0,19,47.5,9,22.5,0,0.0,9,22.5
84M329,All Grades,2013,All Students,145,300,43,29.7,60,41.4,38,26.2,4,2.8,42,29.0
84M330,3,2013,All Students,50,302,13,26.0,22,44.0,9,18.0,6,12.0,15,30.0
84M330,4,2013,All Students,51,307,9,17.6,17,33.3,20,39.2,5,9.8,25,49.0
84M330,5,2013,All Students,52,301,18,34.6,23,44.2,10,19.2,1,1.9,11,21.2
84M330,6,2013,All Students,50,317,5,10.0,18,36.0,14,28.0,13,26.0,27,54.0
84M330,7,2013,All Students,68,301,22,32.4,31,45.6,12,17.6,3,4.4,15,22.1
84M330,8,2013,All Students,47,314,6,12.8,21,44.7,12,25.5,8,17.0,20,42.6
84M330,All Grades,2013,All Students,318,307,73,23.0,132,41.5,77,24.2,36,11.3,113,35.5
84M335,5,2013,All Students,77,299,25,32.5,37,48.1,14,18.2,1,1.3,15,19.5
84M335,6,2013,All Students,77,310,9,11.7,40,51.9,18,23.4,10,13.0,28,36.4
84M335,7,2013,All Students,76,311,15,19.7,33,43.4,26,34.2,2,2.6,28,36.8
84M335,8,2013,All Students,67,315,3,4.5,35,52.2,27,40.3,2,3.0,29,43.3
84M335,All Grades,2013,All Students,297,309,52,17.5,145,48.8,85,28.6,15,5.1,100,33.7
84M336,5,2013,All Students,88,312,19,21.6,33,37.5,29,33.0,7,8.0,36,40.9
84M336,6,2013,All Students,88,326,2,2.3,30,34.1,29,33.0,27,30.7,56,63.6
84M336,7,2013,All Students,86,307,19,22.1,42,48.8,23,26.7,2,2.3,25,29.1
84M336,8,2013,All Students,66,322,7,10.6,21,31.8,26,39.4,12,18.2,38,57.6
84M336,All Grades,2013,All Students,328,316,47,14.3,126,38.4,107,32.6,48,14.6,155,47.3
84M341,3,2013,All Students,71,323,3,4.2,28,39.4,23,32.4,17,23.9,40,56.3
84M341,4,2013,All Students,84,291,27,32.1,40,47.6,16,19.0,1,1.2,17,20.2
84M341,5,2013,All Students,63,313,14,22.2,22,34.9,19,30.2,8,12.7,27,42.9
84M341,6,2013,All Students,71,304,16,22.5,33,46.5,13,18.3,9,12.7,22,31.0
84M341,7,2013,All Students,38,309,9,23.7,19,50.0,7,18.4,3,7.9,10,26.3
84M341,8,2013,All Students,32,305,6,18.8,17,53.1,8,25.0,1,3.1,9,28.1
84M341,All Grades,2013,All Students,359,307,75,20.9,159,44.3,86,24.0,39,10.9,125,34.8
84M350,6,2013,All Students,109,295,30,27.5,66,60.6,9,8.3,4,3.7,13,11.9
84M350,7,2013,All Students,109,307,34,31.2,39,35.8,30,27.5,6,5.5,36,33.0
84M350,8,2013,All Students,109,312,8,7.3,65,59.6,35,32.1,1,0.9,36,33.0
84M350,All Grades,2013,All Students,327,304,72,22.0,170,52.0,74,22.6,11,3.4,85,26.0
84M351,3,2013,All Students,153,330,6,3.9,32,20.9,62,40.5,53,34.6,115,75.2
84M351,4,2013,All Students,117,332,2,1.7,17,14.5,61,52.1,37,31.6,98,83.8
84M351,5,2013,All Students,92,336,2,2.2,21,22.8,41,44.6,28,30.4,69,75.0
84M351,6,2013,All Students,47,339,1,2.1,7,14.9,15,31.9,24,51.1,39,83.0
84M351,7,2013,All Students,35,340,0,0.0,4,11.4,19,54.3,12,34.3,31,88.6
84M351,All Grades,2013,All Students,444,334,11,2.5,81,18.2,198,44.6,154,34.7,352,79.3
84M353,5,2013,All Students,94,295,44,46.8,30,31.9,17,18.1,3,3.2,20,21.3
84M353,6,2013,All Students,97,287,35,36.1,54,55.7,7,7.2,1,1.0,8,8.2
84M353,7,2013,All Students,98,299,40,40.8,36,36.7,18,18.4,4,4.1,22,22.4
84M353,8,2013,All Students,93,302,23,24.7,51,54.8,16,17.2,3,3.2,19,20.4
84M353,All Grades,2013,All Students,382,296,142,37.2,171,44.8,58,15.2,11,2.9,69,18.1
84M382,3,2013,All Students,51,300,10,19.6,28,54.9,9,17.6,4,7.8,13,25.5
84M382,4,2013,All Students,49,291,18,36.7,21,42.9,7,14.3,3,6.1,10,20.4
84M382,5,2013,All Students,39,297,19,48.7,12,30.8,5,12.8,3,7.7,8,20.5
84M382,All Grades,2013,All Students,139,296,47,33.8,61,43.9,21,15.1,10,7.2,31,22.3
84M384,3,2013,All Students,132,335,4,3.0,23,17.4,51,38.6,54,40.9,105,79.5
84M384,4,2013,All Students,117,328,2,1.7,28,23.9,46,39.3,41,35.0,87,74.4
84M384,5,2013,All Students,62,336,2,3.2,15,24.2,26,41.9,19,30.6,45,72.6
84M384,All Grades,2013,All Students,311,333,8,2.6,66,21.2,123,39.5,114,36.7,237,76.2
84M385,3,2013,All Students,125,333,3,2.4,22,17.6,52,41.6,48,38.4,100,80.0
84M385,4,2013,All Students,115,337,2,1.7,11,9.6,50,43.5,52,45.2,102,88.7
84M385,5,2013,All Students,72,338,3,4.2,14,19.4,27,37.5,28,38.9,55,76.4
84M385,All Grades,2013,All Students,312,335,8,2.6,47,15.1,129,41.3,128,41.0,257,82.4
84M386,3,2013,All Students,78,331,1,1.3,15,19.2,37,47.4,25,32.1,62,79.5
84M386,4,2013,All Students,79,329,2,2.5,15,19.0,35,44.3,27,34.2,62,78.5
84M386,5,2013,All Students,51,346,0,0.0,2,3.9,23,45.1,26,51.0,49,96.1
84M386,All Grades,2013,All Students,208,334,3,1.4,32,15.4,95,45.7,78,37.5,173,83.2
84M388,5,2013,All Students,86,268,78,90.7,6,7.0,2,2.3,0,0.0,2,2.3
84M388,6,2013,All Students,85,302,20,23.5,44,51.8,17,20.0,4,4.7,21,24.7
84M388,7,2013,All Students,69,288,39,56.5,21,30.4,7,10.1,2,2.9,9,13.0
84M388,8,2013,All Students,50,286,26,52.0,21,42.0,3,6.0,0,0.0,3,6.0
84M388,All Grades,2013,All Students,290,286,163,56.2,92,31.7,29,10.0,6,2.1,35,12.1
84M430,5,2013,All Students,121,293,61,50.4,38,31.4,17,14.0,5,4.1,22,18.2
84M430,6,2013,All Students,121,293,40,33.1,64,52.9,14,11.6,3,2.5,17,14.0
84M430,7,2013,All Students,125,294,51,40.8,49,39.2,20,16.0,5,4.0,25,20.0
84M430,8,2013,All Students,106,316,12,11.3,48,45.3,37,34.9,9,8.5,46,43.4
84M430,All Grades,2013,All Students,473,298,164,34.7,199,42.1,88,18.6,22,4.7,110,23.3
84M478,5,2013,All Students,104,279,75,72.1,21,20.2,7,6.7,1,1.0,8,7.7
84M478,6,2013,All Students,116,286,53,45.7,51,44.0,9,7.8,3,2.6,12,10.3
84M478,7,2013,All Students,111,306,28,25.2,51,45.9,23,20.7,9,8.1,32,28.8
84M478,All Grades,2013,All Students,331,291,156,47.1,123,37.2,39,11.8,13,3.9,52,15.7
84M481,5,2013,All Students,1,s,s,s,s,s,s,s,s,s,s,s
84M481,6,2013,All Students,111,286,49,44.1,49,44.1,8,7.2,5,4.5,13,11.7
84M481,7,2013,All Students,109,292,50,45.9,45,41.3,14,12.8,0,0.0,14,12.8
84M481,8,2013,All Students,108,308,21,19.4,54,50.0,25,23.1,8,7.4,33,30.6
84M481,All Grades,2013,All Students,329,295,121,36.8,148,45.0,47,14.3,13,4.0,60,18.2
84M482,3,2013,All Students,80,339,1,1.3,9,11.3,34,42.5,36,45.0,70,87.5
84M482,All Grades,2013,All Students,80,339,1,1.3,9,11.3,34,42.5,36,45.0,70,87.5
84M483,3,2013,All Students,25,303,5,20.0,15,60.0,3,12.0,2,8.0,5,20.0
84M483,4,2013,All Students,37,305,8,21.6,15,40.5,10,27.0,4,10.8,14,37.8
84M483,All Grades,2013,All Students,62,304,13,21.0,30,48.4,13,21.0,6,9.7,19,30.6
84M524,6,2013,All Students,54,290,17,31.5,32,59.3,5,9.3,0,0.0,5,9.3
84M524,7,2013,All Students,69,274,48,69.6,19,27.5,2,2.9,0,0.0,2,2.9
84M524,8,2013,All Students,49,281,29,59.2,17,34.7,2,4.1,1,2.0,3,6.1
84M524,All Grades,2013,All Students,172,281,94,54.7,68,39.5,9,5.2,1,0.6,10,5.8
84M702,3,2013,All Students,35,294,12,34.3,13,37.1,10,28.6,0,0.0,10,28.6
84M702,4,2013,All Students,24,303,1,4.2,15,62.5,8,33.3,0,0.0,8,33.3
84M702,5,2013,All Students,25,300,10,40.0,10,40.0,4,16.0,1,4.0,5,20.0
84M702,All Grades,2013,All Students,84,298,23,27.4,38,45.2,22,26.2,1,1.2,23,27.4
84M704,3,2013,All Students,26,330,0,0.0,8,30.8,11,42.3,7,26.9,18,69.2
84M704,4,2013,All Students,30,313,6,20.0,9,30.0,12,40.0,3,10.0,15,50.0
84M704,5,2013,All Students,24,286,12,50.0,11,45.8,1,4.2,0,0.0,1,4.2
84M704,6,2013,All Students,32,306,5,15.6,18,56.3,8,25.0,1,3.1,9,28.1
84M704,7,2013,All Students,28,296,11,39.3,15,53.6,2,7.1,0,0.0,2,7.1
84M704,8,2013,All Students,30,320,1,3.3,14,46.7,14,46.7,1,3.3,15,50.0
84M704,All Grades,2013,All Students,170,309,35,20.6,75,44.1,48,28.2,12,7.1,60,35.3
84M705,3,2013,All Students,80,307,12,15.0,36,45.0,25,31.3,7,8.8,32,40.0
84M705,4,2013,All Students,58,313,5,8.6,23,39.7,24,41.4,6,10.3,30,51.7
84M705,5,2013,All Students,49,307,17,34.7,17,34.7,13,26.5,2,4.1,15,30.6
84M705,All Grades,2013,All Students,187,309,34,18.2,76,40.6,62,33.2,15,8.0,77,41.2
84M708,3,2013,All Students,57,303,10,17.5,29,50.9,17,29.8,1,1.8,18,31.6
84M708,4,2013,All Students,51,299,15,29.4,22,43.1,9,17.6,5,9.8,14,27.5
84M708,5,2013,All Students,51,283,32,62.7,17,33.3,2,3.9,0,0.0,2,3.9
84M708,6,2013,All Students,107,296,27,25.2,54,50.5,18,16.8,8,7.5,26,24.3
84M708,All Grades,2013,All Students,266,295,84,31.6,122,45.9,46,17.3,14,5.3,60,22.6
84M709,5,2013,All Students,73,297,28,38.4,35,47.9,9,12.3,1,1.4,10,13.7
84M709,6,2013,All Students,76,320,3,3.9,30,39.5,30,39.5,13,17.1,43,56.6
84M709,7,2013,All Students,75,301,24,32.0,35,46.7,15,20.0,1,1.3,16,21.3
84M709,8,2013,All Students,62,309,8,12.9,37,59.7,17,27.4,0,0.0,17,27.4
84M709,All Grades,2013,All Students,286,307,63,22.0,137,47.9,71,24.8,15,5.2,86,30.1
84M726,5,2013,All Students,96,291,48,50.0,37,38.5,10,10.4,1,1.0,11,11.5
84M726,6,2013,All Students,77,310,12,15.6,32,41.6,25,32.5,8,10.4,33,42.9
84M726,7,2013,All Students,71,296,32,45.1,29,40.8,6,8.5,4,5.6,10,14.1
84M726,8,2013,All Students,61,311,9,14.8,35,57.4,12,19.7,5,8.2,17,27.9
84M726,All Grades,2013,All Students,305,301,101,33.1,133,43.6,53,17.4,18,5.9,71,23.3
84M861,3,2013,All Students,42,308,7,16.7,18,42.9,14,33.3,3,7.1,17,40.5
84M861,4,2013,All Students,49,293,18,36.7,21,42.9,8,16.3,2,4.1,10,20.4
84M861,5,2013,All Students,44,282,30,68.2,11,25.0,3,6.8,0,0.0,3,6.8
84M861,6,2013,All Students,41,295,14,34.1,16,39.0,9,22.0,2,4.9,11,26.8
84M861,7,2013,All Students,44,289,26,59.1,14,31.8,3,6.8,1,2.3,4,9.1
84M861,8,2013,All Students,34,283,18,52.9,15,44.1,1,2.9,0,0.0,1,2.9
84M861,All Grades,2013,All Students,254,292,113,44.5,95,37.4,38,15.0,8,3.1,46,18.1
84Q083,5,2013,All Students,110,311,30,27.3,32,29.1,32,29.1,16,14.5,48,43.6
84Q083,All Grades,2013,All Students,110,311,30,27.3,32,29.1,32,29.1,16,14.5,48,43.6
84Q170,3,2013,All Students,54,305,11,20.4,23,42.6,14,25.9,6,11.1,20,37.0
84Q170,4,2013,All Students,52,311,7,13.5,21,40.4,15,28.8,9,17.3,24,46.2
84Q170,5,2013,All Students,59,307,18,30.5,23,39.0,15,25.4,3,5.1,18,30.5
84Q170,All Grades,2013,All Students,165,308,36,21.8,67,40.6,44,26.7,18,10.9,62,37.6
84Q304,3,2013,All Students,51,321,6,11.8,12,23.5,20,39.2,13,25.5,33,64.7
84Q304,4,2013,All Students,59,303,10,16.9,27,45.8,18,30.5,4,6.8,22,37.3
84Q304,5,2013,All Students,39,316,4,10.3,23,59.0,9,23.1,3,7.7,12,30.8
84Q304,All Grades,2013,All Students,149,312,20,13.4,62,41.6,47,31.5,20,13.4,67,45.0
84Q321,3,2013,All Students,81,295,28,34.6,33,40.7,18,22.2,2,2.5,20,24.7
84Q321,4,2013,All Students,80,302,21,26.3,33,41.3,19,23.8,7,8.8,26,32.5
84Q321,All Grades,2013,All Students,161,299,49,30.4,66,41.0,37,23.0,9,5.6,46,28.6
84Q340,3,2013,All Students,93,305,21,22.6,35,37.6,29,31.2,8,8.6,37,39.8
84Q340,All Grades,2013,All Students,93,305,21,22.6,35,37.6,29,31.2,8,8.6,37,39.8
84Q341,3,2013,All Students,78,316,10,12.8,32,41.0,19,24.4,17,21.8,36,46.2
84Q341,4,2013,All Students,52,311,6,11.5,22,42.3,16,30.8,8,15.4,24,46.2
84Q341,5,2013,All Students,53,308,17,32.1,15,28.3,14,26.4,7,13.2,21,39.6
84Q341,All Grades,2013,All Students,183,312,33,18.0,69,37.7,49,26.8,32,17.5,81,44.3
84Q342,3,2013,All Students,33,301,9,27.3,16,48.5,6,18.2,2,6.1,8,24.2
84Q342,All Grades,2013,All Students,33,301,9,27.3,16,48.5,6,18.2,2,6.1,8,24.2
84Q704,3,2013,All Students,72,302,14,19.4,35,48.6,20,27.8,3,4.2,23,31.9
84Q704,4,2013,All Students,72,300,16,22.2,31,43.1,22,30.6,3,4.2,25,34.7
84Q704,5,2013,All Students,73,299,26,35.6,25,34.2,20,27.4,2,2.7,22,30.1
84Q704,6,2013,All Students,19,295,7,36.8,8,42.1,3,15.8,1,5.3,4,21.1
84Q704,All Grades,2013,All Students,236,300,63,26.7,99,41.9,65,27.5,9,3.8,74,31.4
84Q705,3,2013,All Students,23,321,2,8.7,9,39.1,7,30.4,5,21.7,12,52.2
84Q705,4,2013,All Students,26,289,11,42.3,10,38.5,4,15.4,1,3.8,5,19.2
84Q705,5,2013,All Students,54,301,22,40.7,17,31.5,13,24.1,2,3.7,15,27.8
84Q705,6,2013,All Students,53,305,13,24.5,22,41.5,11,20.8,7,13.2,18,34.0
84Q705,7,2013,All Students,54,324,4,7.4,22,40.7,19,35.2,9,16.7,28,51.9
84Q705,8,2013,All Students,54,313,13,24.1,19,35.2,12,22.2,10,18.5,22,40.7
84Q705,All Grades,2013,All Students,264,309,65,24.6,99,37.5,66,25.0,34,12.9,100,37.9
84Q706,3,2013,All Students,80,316,8,10.0,30,37.5,27,33.8,15,18.8,42,52.5
84Q706,4,2013,All Students,80,313,13,16.3,24,30.0,28,35.0,15,18.8,43,53.8
84Q706,5,2013,All Students,80,314,21,26.3,27,33.8,18,22.5,14,17.5,32,40.0
84Q706,6,2013,All Students,79,321,6,7.6,31,39.2,23,29.1,19,24.1,42,53.2
84Q706,7,2013,All Students,78,311,19,24.4,28,35.9,28,35.9,3,3.8,31,39.7
84Q706,8,2013,All Students,71,314,6,8.5,37,52.1,23,32.4,5,7.0,28,39.4
84Q706,All Grades,2013,All Students,468,315,73,15.6,177,37.8,147,31.4,71,15.2,218,46.6
84R067,6,2013,All Students,109,301,25,22.9,54,49.5,20,18.3,10,9.2,30,27.5
84R067,7,2013,All Students,95,290,51,53.7,31,32.6,13,13.7,0,0.0,13,13.7
84R067,8,2013,All Students,69,293,29,42.0,29,42.0,8,11.6,3,4.3,11,15.9
84R067,All Grades,2013,All Students,273,295,105,38.5,114,41.8,41,15.0,13,4.8,54,19.8
84R071,3,2013,All Students,54,287,22,40.7,25,46.3,7,13.0,0,0.0,7,13.0
84R071,All Grades,2013,All Students,54,287,22,40.7,25,46.3,7,13.0,0,0.0,7,13.0
84R073,6,2013,All Students,95,293,34,35.8,43,45.3,14,14.7,4,4.2,18,18.9
84R073,7,2013,All Students,96,291,48,50.0,35,36.5,10,10.4,3,3.1,13,13.5
84R073,8,2013,All Students,88,294,33,37.5,39,44.3,11,12.5,5,5.7,16,18.2
84R073,All Grades,2013,All Students,279,293,115,41.2,117,41.9,35,12.5,12,4.3,47,16.8
84X165,3,2013,All Students,72,313,2,2.8,35,48.6,27,37.5,8,11.1,35,48.6
84X165,4,2013,All Students,37,315,1,2.7,20,54.1,12,32.4,4,10.8,16,43.2
84X165,5,2013,All Students,33,326,1,3.0,11,33.3,16,48.5,5,15.2,21,63.6
84X165,All Grades,2013,All Students,142,317,4,2.8,66,46.5,55,38.7,17,12.0,72,50.7
84X177,6,2013,All Students,107,285,46,43.0,51,47.7,6,5.6,4,3.7,10,9.3
84X177,All Grades,2013,All Students,107,285,46,43.0,51,47.7,6,5.6,4,3.7,10,9.3
84X185,3,2013,All Students,46,300,17,37.0,12,26.1,13,28.3,4,8.7,17,37.0
84X185,4,2013,All Students,45,292,17,37.8,19,42.2,7,15.6,2,4.4,9,20.0
84X185,5,2013,All Students,46,294,24,52.2,15,32.6,7,15.2,0,0.0,7,15.2
84X185,6,2013,All Students,91,307,13,14.3,49,53.8,22,24.2,7,7.7,29,31.9
84X185,7,2013,All Students,62,294,25,40.3,33,53.2,4,6.5,0,0.0,4,6.5
84X185,8,2013,All Students,52,302,10,19.2,32,61.5,10,19.2,0,0.0,10,19.2
84X185,All Grades,2013,All Students,342,299,106,31.0,160,46.8,63,18.4,13,3.8,76,22.2
84X255,3,2013,All Students,56,328,0,0.0,19,33.9,21,37.5,16,28.6,37,66.1
84X255,4,2013,All Students,56,338,1,1.8,9,16.1,21,37.5,25,44.6,46,82.1
84X255,5,2013,All Students,56,311,8,14.3,29,51.8,15,26.8,4,7.1,19,33.9
84X255,6,2013,All Students,55,321,3,5.5,20,36.4,21,38.2,11,20.0,32,58.2
84X255,7,2013,All Students,51,309,13,25.5,21,41.2,14,27.5,3,5.9,17,33.3
84X255,8,2013,All Students,49,317,1,2.0,30,61.2,14,28.6,4,8.2,18,36.7
84X255,All Grades,2013,All Students,323,321,26,8.0,128,39.6,106,32.8,63,19.5,169,52.3
84X258,6,2013,All Students,135,283,63,46.7,60,44.4,10,7.4,2,1.5,12,8.9
84X258,All Grades,2013,All Students,135,283,63,46.7,60,44.4,10,7.4,2,1.5,12,8.9
84X309,3,2013,All Students,44,301,6,13.6,29,65.9,9,20.5,0,0.0,9,20.5
84X309,4,2013,All Students,41,304,4,9.8,22,53.7,12,29.3,3,7.3,15,36.6
84X309,5,2013,All Students,48,291,24,50.0,17,35.4,6,12.5,1,2.1,7,14.6
84X309,All Grades,2013,All Students,133,299,34,25.6,68,51.1,27,20.3,4,3.0,31,23.3
84X345,3,2013,All Students,78,289,27,34.6,39,50.0,10,12.8,2,2.6,12,15.4
84X345,4,2013,All Students,75,290,25,33.3,36,48.0,12,16.0,2,2.7,14,18.7
84X345,5,2013,All Students,75,277,55,73.3,16,21.3,4,5.3,0,0.0,4,5.3
84X345,6,2013,All Students,77,303,16,20.8,43,55.8,10,13.0,8,10.4,18,23.4
84X345,7,2013,All Students,75,284,47,62.7,20,26.7,8,10.7,0,0.0,8,10.7
84X345,8,2013,All Students,74,296,23,31.1,36,48.6,14,18.9,1,1.4,15,20.3
84X345,All Grades,2013,All Students,454,290,193,42.5,190,41.9,58,12.8,13,2.9,71,15.6
84X346,3,2013,All Students,59,315,2,3.4,29,49.2,22,37.3,6,10.2,28,47.5
84X346,4,2013,All Students,44,330,0,0.0,7,15.9,25,56.8,12,27.3,37,84.1
84X346,5,2013,All Students,36,324,1,2.8,10,27.8,22,61.1,3,8.3,25,69.4
84X346,All Grades,2013,All Students,139,322,3,2.2,46,33.1,69,49.6,21,15.1,90,64.7
84X378,3,2013,All Students,32,321,0,0.0,12,37.5,16,50.0,4,12.5,20,62.5
84X378,4,2013,All Students,35,326,0,0.0,7,20.0,19,54.3,9,25.7,28,80.0
84X378,5,2013,All Students,35,333,1,2.9,7,20.0,18,51.4,9,25.7,27,77.1
84X378,6,2013,All Students,32,332,0,0.0,9,28.1,11,34.4,12,37.5,23,71.9
84X378,7,2013,All Students,29,330,1,3.4,9,31.0,13,44.8,6,20.7,19,65.5
84X378,All Grades,2013,All Students,163,328,2,1.2,44,27.0,77,47.2,40,24.5,117,71.8
84X389,3,2013,All Students,43,311,7,16.3,13,30.2,17,39.5,6,14.0,23,53.5
84X389,4,2013,All Students,44,300,10,22.7,25,56.8,6,13.6,3,6.8,9,20.5
84X389,5,2013,All Students,43,301,18,41.9,14,32.6,10,23.3,1,2.3,11,25.6
84X389,All Grades,2013,All Students,130,304,35,26.9,52,40.0,33,25.4,10,7.7,43,33.1
84X394,3,2013,All Students,44,295,12,27.3,23,52.3,7,15.9,2,4.5,9,20.5
84X394,4,2013,All Students,44,295,14,31.8,18,40.9,8,18.2,4,9.1,12,27.3
84X394,5,2013,All Students,35,282,25,71.4,5,14.3,5,14.3,0,0.0,5,14.3
84X394,All Grades,2013,All Students,123,291,51,41.5,46,37.4,20,16.3,6,4.9,26,21.1
84X398,3,2013,All Students,49,300,15,30.6,21,42.9,9,18.4,4,8.2,13,26.5
84X398,4,2013,All Students,49,294,13,26.5,27,55.1,7,14.3,2,4.1,9,18.4
84X398,5,2013,All Students,49,295,23,46.9,16,32.7,9,18.4,1,2.0,10,20.4
84X398,All Grades,2013,All Students,147,296,51,34.7,64,43.5,25,17.0,7,4.8,32,21.8
84X407,3,2013,All Students,72,288,32,44.4,25,34.7,14,19.4,1,1.4,15,20.8
84X407,4,2013,All Students,71,292,24,33.8,32,45.1,12,16.9,3,4.2,15,21.1
84X407,5,2013,All Students,61,304,17,27.9,27,44.3,15,24.6,2,3.3,17,27.9
84X407,All Grades,2013,All Students,204,294,73,35.8,84,41.2,41,20.1,6,2.9,47,23.0
84X419,3,2013,All Students,64,302,13,20.3,32,50.0,16,25.0,3,4.7,19,29.7
84X419,4,2013,All Students,63,293,23,36.5,25,39.7,14,22.2,1,1.6,15,23.8
84X419,5,2013,All Students,60,294,29,48.3,21,35.0,10,16.7,0,0.0,10,16.7
84X419,6,2013,All Students,50,305,8,16.0,27,54.0,11,22.0,4,8.0,15,30.0
84X419,All Grades,2013,All Students,237,298,73,30.8,105,44.3,51,21.5,8,3.4,59,24.9
84X422,3,2013,All Students,34,322,4,11.8,9,26.5,12,35.3,9,26.5,21,61.8
84X422,4,2013,All Students,32,304,5,15.6,16,50.0,10,31.3,1,3.1,11,34.4
84X422,5,2013,All Students,31,293,13,41.9,17,54.8,1,3.2,0,0.0,1,3.2
84X422,6,2013,All Students,33,325,1,3.0,13,39.4,6,18.2,13,39.4,19,57.6
84X422,All Grades,2013,All Students,130,311,23,17.7,55,42.3,29,22.3,23,17.7,52,40.0
84X461,3,2013,All Students,46,318,4,8.7,18,39.1,17,37.0,7,15.2,24,52.2
84X461,4,2013,All Students,46,308,11,23.9,13,28.3,16,34.8,6,13.0,22,47.8
84X461,All Grades,2013,All Students,92,313,15,16.3,31,33.7,33,35.9,13,14.1,46,50.0
84X482,6,2013,All Students,64,286,27,42.2,31,48.4,5,7.8,1,1.6,6,9.4
84X482,7,2013,All Students,84,276,56,66.7,25,29.8,2,2.4,1,1.2,3,3.6
84X482,8,2013,All Students,81,280,52,64.2,25,30.9,3,3.7,1,1.2,4,4.9
84X482,All Grades,2013,All Students,229,281,135,59.0,81,35.4,10,4.4,3,1.3,13,5.7
84X487,3,2013,All Students,74,301,17,23.0,36,48.6,17,23.0,4,5.4,21,28.4
84X487,4,2013,All Students,73,305,14,19.2,33,45.2,22,30.1,4,5.5,26,35.6
84X487,All Grades,2013,All Students,147,303,31,21.1,69,46.9,39,26.5,8,5.4,47,32.0
84X488,6,2013,All Students,78,288,34,43.6,30,38.5,11,14.1,3,3.8,14,17.9
84X488,7,2013,All Students,78,296,32,41.0,37,47.4,7,9.0,2,2.6,9,11.5
84X488,8,2013,All Students,78,304,12,15.4,51,65.4,12,15.4,3,3.8,15,19.2
84X488,All Grades,2013,All Students,234,296,78,33.3,118,50.4,30,12.8,8,3.4,38,16.2
84X491,3,2013,All Students,92,312,11,12.0,35,38.0,32,34.8,14,15.2,46,50.0
84X491,4,2013,All Students,45,312,4,8.9,20,44.4,13,28.9,8,17.8,21,46.7
84X491,All Grades,2013,All Students,137,312,15,10.9,55,40.1,45,32.8,22,16.1,67,48.9
84X493,3,2013,All Students,89,341,0,0.0,9,10.1,35,39.3,45,50.6,80,89.9
84X493,All Grades,2013,All Students,89,341,0,0.0,9,10.1,35,39.3,45,50.6,80,89.9
84X494,3,2013,All Students,97,347,1,1.0,2,2.1,33,34.0,61,62.9,94,96.9
84X494,All Grades,2013,All Students,97,347,1,1.0,2,2.1,33,34.0,61,62.9,94,96.9
84X496,3,2013,All Students,38,312,3,7.9,15,39.5,17,44.7,3,7.9,20,52.6
84X496,4,2013,All Students,37,336,1,2.7,11,29.7,8,21.6,17,45.9,25,67.6
84X496,5,2013,All Students,35,335,0,0.0,10,28.6,13,37.1,12,34.3,25,71.4
84X496,All Grades,2013,All Students,110,328,4,3.6,36,32.7,38,34.5,32,29.1,70,63.6
84X538,3,2013,All Students,36,321,4,11.1,8,22.2,16,44.4,8,22.2,24,66.7
84X538,All Grades,2013,All Students,36,321,4,11.1,8,22.2,16,44.4,8,22.2,24,66.7
84X703,5,2013,All Students,82,280,58,70.7,12,14.6,9,11.0,3,3.7,12,14.6
84X703,6,2013,All Students,88,287,39,44.3,39,44.3,7,8.0,3,3.4,10,11.4
84X703,7,2013,All Students,77,294,29,37.7,34,44.2,10,13.0,4,5.2,14,18.2
84X703,8,2013,All Students,111,304,20,18.0,70,63.1,21,18.9,0,0.0,21,18.9
84X703,All Grades,2013,All Students,358,292,146,40.8,155,43.3,47,13.1,10,2.8,57,15.9
84X704,3,2013,All Students,83,306,14,16.9,39,47.0,25,30.1,5,6.0,30,36.1
84X704,5,2013,All Students,67,300,25,37.3,20,29.9,18,26.9,4,6.0,22,32.8
84X704,6,2013,All Students,68,317,11,16.2,24,35.3,16,23.5,17,25.0,33,48.5
84X704,7,2013,All Students,63,315,9,14.3,25,39.7,25,39.7,4,6.3,29,46.0
84X704,8,2013,All Students,62,328,1,1.6,26,41.9,18,29.0,17,27.4,35,56.5
84X704,All Grades,2013,All Students,343,313,60,17.5,134,39.1,102,29.7,47,13.7,149,43.4
84X705,3,2013,All Students,52,281,28,53.8,18,34.6,4,7.7,2,3.8,6,11.5
84X705,4,2013,All Students,52,286,20,38.5,26,50.0,6,11.5,0,0.0,6,11.5
84X705,5,2013,All Students,48,303,15,31.3,24,50.0,8,16.7,1,2.1,9,18.8
84X705,6,2013,All Students,50,305,10,20.0,23,46.0,14,28.0,3,6.0,17,34.0
84X705,7,2013,All Students,47,298,18,38.3,19,40.4,9,19.1,1,2.1,10,21.3
84X705,8,2013,All Students,40,307,8,20.0,21,52.5,9,22.5,2,5.0,11,27.5
84X705,All Grades,2013,All Students,289,296,99,34.3,131,45.3,50,17.3,9,3.1,59,20.4
84X706,3,2013,All Students,74,318,10,13.5,25,33.8,21,28.4,18,24.3,39,52.7
84X706,4,2013,All Students,73,313,10,13.7,25,34.2,26,35.6,12,16.4,38,52.1
84X706,5,2013,All Students,68,285,41,60.3,23,33.8,4,5.9,0,0.0,4,5.9
84X706,6,2013,All Students,70,302,13,18.6,40,57.1,11,15.7,6,8.6,17,24.3
84X706,7,2013,All Students,64,295,27,42.2,25,39.1,7,10.9,5,7.8,12,18.8
84X706,8,2013,All Students,65,298,19,29.2,32,49.2,14,21.5,0,0.0,14,21.5
84X706,All Grades,2013,All Students,414,302,120,29.0,170,41.1,83,20.0,41,9.9,124,30.0
84X717,3,2013,All Students,34,314,4,11.8,11,32.4,17,50.0,2,5.9,19,55.9
84X717,4,2013,All Students,40,318,2,5.0,18,45.0,11,27.5,9,22.5,20,50.0
84X717,5,2013,All Students,33,328,1,3.0,8,24.2,16,48.5,8,24.2,24,72.7
84X717,6,2013,All Students,35,335,0,0.0,8,22.9,12,34.3,15,42.9,27,77.1
84X717,7,2013,All Students,36,322,1,2.8,19,52.8,14,38.9,2,5.6,16,44.4
84X717,8,2013,All Students,30,320,0,0.0,16,53.3,10,33.3,4,13.3,14,46.7
84X717,All Grades,2013,All Students,208,323,8,3.8,80,38.5,80,38.5,40,19.2,120,57.7
84X718,3,2013,All Students,63,307,11,17.5,26,41.3,19,30.2,7,11.1,26,41.3
84X718,4,2013,All Students,62,316,4,6.5,23,37.1,26,41.9,9,14.5,35,56.5
84X718,5,2013,All Students,56,308,14,25.0,23,41.1,17,30.4,2,3.6,19,33.9
84X718,All Grades,2013,All Students,181,310,29,16.0,72,39.8,62,34.3,18,9.9,80,44.2
84X730,3,2013,All Students,52,298,15,28.8,22,42.3,14,26.9,1,1.9,15,28.8
84X730,4,2013,All Students,51,307,10,19.6,20,39.2,17,33.3,4,7.8,21,41.2
84X730,5,2013,All Students,45,303,17,37.8,18,40.0,8,17.8,2,4.4,10,22.2
84X730,All Grades,2013,All Students,148,303,42,28.4,60,40.5,39,26.4,7,4.7,46,31.1